set_type,n_rows,mae,rmse,r2
train,98451,0.005028295013416488,0.007350403153293915,0.98172297498457
valid,41831,0.013580012169755283,0.018435808845699914,0.8777216018043619
