feature,split,n,missing,mean,median,std,min,max
initial_c_rate,train,135,0,5.042592592592594,5.2,1.03555303774098,1.0,8.0
initial_c_rate,valid,52,0,5.4,5.4,1.211505302522121,2.0,8.0
switch_soc_percent,train,135,0,46.98518518518519,50.0,23.93585494645406,2.0,80.0
switch_soc_percent,valid,48,4,50.125,50.0,21.26491966856772,9.0,80.0
post_switch_c_rate,train,135,0,4.361481481481483,4.3,0.7575476129251117,3.0,6.0
post_switch_c_rate,valid,48,4,4.059375,4.0,0.8162352764955363,3.0,6.0
max_cycles,train,135,0,731.2962962962963,562.0,356.0184691266937,101.0,2189.0
max_cycles,valid,52,0,805.7307692307693,809.5,329.52872559987105,240.0,2237.0
