epoch,train_loss,valid_loss,is_best_epoch
1,0.3193372490350157,0.07777667231857777,1
2,0.05292352708056569,0.0251855687238276,1
