target,set_type,n_windows,mse,rmse,mae,r2
retention,train,512,0.026043783873319626,0.16138086588353537,0.15301254391670227,-10.717591285705566
retention,valid,256,0.025185568258166313,0.15869961643988403,0.1522456407546997,-10.931014060974121
q_discharge,train,512,0.02992633357644081,0.17299229340187616,0.16398197412490845,-9.923837661743164
q_discharge,valid,256,0.029202202335000038,0.17088651888022074,0.1638912856578827,-9.465166091918945
