model_name,mse,rmse,mae,r2
lstm_seq,0.0006954178679734,0.0263707767798646,0.0196433886885643,0.7466301918029785
rf_nonseq,0.0007650224388787101,0.027659039008590125,0.017996613663313326,0.7212703172461037
ridge_nonseq,0.001837623389789379,0.04286750972227543,0.0333173332712842,0.33047691358195663
