set_type,n_windows,mse,rmse,mae,r2
train,94264,0.0005235376302152872,0.02288094469674028,0.016381490975618362,0.8212843537330627
valid,40031,0.0006954178679734468,0.026370776779864616,0.0196433886885643,0.7466301918029785
