set_type,n_windows,mse,rmse,mae,r2
train,98179,0.000975284434389323,0.031229544255229263,0.02407863363623619,0.6636756658554077
valid,41539,0.001051024766638875,0.03241951212832906,0.025174187496304512,0.6133295297622681
