set_type,mse_main,mse_baseline,mse_gain_abs,mse_gain_ratio,rmse_main,rmse_baseline,rmse_gain_abs,mae_main,mae_baseline,mae_gain_abs,r2_main,r2_baseline,r2_gain_abs
train,6.561345881981172e-05,0.00321882883670498,0.0031532153778851685,0.9796157353657307,0.008100213504581946,0.0567347233773549,0.04863450987277295,0.0009807067509358875,0.040062697448299704,0.039081990697363816,0.9804202242687063,0.03946617243298667,0.9409540518357197
valid,0.0009790271893583159,0.003314704160260004,0.002335676970901688,0.7046411558847769,0.03128941017913754,0.05757346750248767,0.02628405732335013,0.02193471413004176,0.04095376761003152,0.01901905347998976,0.7065549293455753,0.0064794858827783575,0.7000754434627969
