group,effect_plus_1c,ci_low,ci_high,bootstrap_success,n_rows,n_clusters
global,0.014136731903313934,0.010913559713449606,0.01742786476856202,400,102449,180
