base_t,next_t,delta_global,weight_global,delta_cycle_0_500,weight_cycle_0_500,delta_cycle_500_1000,weight_cycle_500_1000,delta_cycle_1000_1500,weight_cycle_1000_1500,delta_cycle_1500_max,weight_cycle_1500_max,scheme
3.6,4.6,0.005794415268726374,0.10856740202482945,-0.015267481526219316,0.10080084893690969,0.06817455768225496,0.12388135610927017,0.008239179821455313,0.021403739049519,0.01015451131417993,4.362884297567103e-06,fixed4
3.7,4.7,0.009557356569340408,0.10836263395934001,-0.007693187615962529,0.10058222985056642,0.061125353454257444,0.1231403970929193,0.009420806834747556,0.05135920764878504,0.011038569342490168,5.842139220391128e-05,fixed4
3.8000000000000003,4.800000000000001,0.010945498880051195,0.1023763689552187,-0.0011434464601489253,0.0957010100671656,0.048774826074269445,0.11428229802630606,0.003623975595651094,0.09610375106074995,0.003584891545225505,0.0006178448955486429,fixed4
3.9000000000000004,4.9,0.024515432780125274,0.1079803277171089,0.015871215339508884,0.10358562918876472,0.051438261755720194,0.1152009276460923,0.01997541610322676,0.1411109758949881,0.019483203086504294,0.005177140807535143,fixed4
4.0,5.0,0.025254686790969733,0.13482967709476534,0.02038985856054875,0.13472546900388,0.04111155084378005,0.1345931087035426,0.01955563351444571,0.16846511039148646,0.019265827604464165,0.03448301308044417,fixed4
4.1000000000000005,5.1000000000000005,0.026304782231895574,0.1831025596059995,0.0236373437089092,0.19045794160520213,0.03582417018080204,0.1701357374233847,0.019465809326139026,0.19428009796480628,0.019422816457612666,0.1830919277380921,fixed4
4.200000000000001,5.200000000000001,0.028588528294293206,0.25478103064273805,0.029370511325577157,0.27414687134751137,0.02959012989671353,0.21876617499848486,0.013720082899821554,0.3272771179896652,0.013534267960446687,0.7765672892018785,fixed4
