scheme,scheme_display,group,group_label,n_rows,n_clusters,window_start_cycle_min,window_start_cycle_max,window_start_cycle_mean
fixed4,固定分段4段,cycle_0_500,0-500,72715,180,1.0,499.0,217.4357697861514
fixed4,固定分段4段,cycle_500_1000,500-1000,24292,92,500.0,999.0,680.0875185246172
fixed4,固定分段4段,cycle_1000_1500,1000-1500,3942,14,1000.0,1499.0,1215.4173008625064
fixed4,固定分段4段,cycle_1500_max,1500-max,1500,5,1500.0,2037.0,1703.9886666666666
quantile4,分位数分段4段,q1,Q1,25613,180,1.0,144.0,72.26420177253739
quantile4,分位数分段4段,q2,Q2,25612,178,144.0,295.0,217.10034358894268
quantile4,分位数分段4段,q3,Q3,25612,141,295.0,547.0,412.1087380915196
quantile4,分位数分段4段,q4,Q4,25612,83,547.0,2037.0,847.746368889583
