epoch,train_loss,valid_loss,is_best_epoch
1,1.1066461876034737,0.943905308842659,1
2,0.7809441834688187,0.5412950068712234,1
