set_type,n_windows,mse,rmse,mae,r2
train,512,0.5308311581611633,0.7285816070703153,0.7265660166740417,-206.15109252929688
valid,256,0.541295051574707,0.7357275661375663,0.7335144281387329,-200.83282470703125
