{
  "feature_mean": [
    0.25427502393722534,
    1.348420262336731,
    4.767292499542236,
    0.751914381980896,
    1.1684081554412842,
    0.2053622305393219,
    0.02674105018377304,
    0.703645646572113,
    1.6426894664764404,
    21.138755798339844,
    5.393680572509766,
    25.538850784301758,
    6.737017631530762,
    8.399557113647461,
    15.679025650024414,
    0.571111261844635,
    1.9537627696990967,
    0.18003414571285248,
    12.537982940673828,
    0.7758163213729858,
    13.737015724182129,
    0.6564682126045227,
    0.01788925938308239,
    0.3288172483444214,
    8.678308486938477,
    2.634944200515747,
    0.03414729982614517,
    4.4618377685546875,
    9.159435272216797,
    12.458099365234375,
    0.49847573041915894,
    12.665771484375,
    7.053982734680176,
    1.8942991495132446,
    6.857621192932129,
    0.0970034971833229,
    0.004944130312651396,
    5.688797473907471,
    11.73962116241455,
    0.0016792097594588995,
    23.620542526245117,
    0.006126536056399345,
    2.1377902030944824,
    476.8089294433594,
    1.9253336191177368,
    2.6495425701141357,
    0.07519745081663132,
    0.8701757192611694,
    0.029235927388072014,
    4.215775966644287,
    33.224395751953125,
    0.4200434982776642,
    0.0480586402118206,
    0.001538589596748352,
    1.0477474927902222
  ],
  "feature_std": [
    0.03880207613110542,
    1.1782817840576172,
    3.71714448928833,
    0.9877926111221313,
    1.1801698207855225,
    0.2634597420692444,
    0.047677937895059586,
    0.889647364616394,
    1.6563475131988525,
    28.467334747314453,
    10.52283000946045,
    26.12652587890625,
    11.660165786743164,
    10.369058609008789,
    19.15519142150879,
    0.13445530831813812,
    5.281026840209961,
    0.04417655989527702,
    1.232367992401123,
    1.5615631341934204,
    31.87718391418457,
    3.7928459644317627,
    0.195328950881958,
    1.0458347797393799,
    17.853242874145508,
    7.595798492431641,
    0.3827638328075409,
    8.479443550109863,
    23.045175552368164,
    23.946428298950195,
    1.6088186502456665,
    19.944480895996094,
    14.062631607055664,
    6.201162815093994,
    10.928498268127441,
    0.812570333480835,
    0.008546140976250172,
    13.256163597106934,
    19.489879608154297,
    0.0034666818100959063,
    18.09765625,
    0.058635465800762177,
    7.916226387023926,
    1401.6661376953125,
    11.178004264831543,
    35.8718376159668,
    0.42939993739128113,
    4.0294904708862305,
    0.2595125138759613,
    14.3936767578125,
    1.8056061267852783,
    5.251626968383789,
    0.08040936291217804,
    0.33228012919425964,
    2.11600399017334
  ],
  "retention_mean": 0.9646192193031311,
  "retention_std": 0.041301216930150986,
  "strict_input_dim": 55,
  "history_retention_input_dim": 56
}