set_type,n_rows,mae,rmse,r2
train,98451,0.0049470017123282245,0.008354799389462339,0.9763867785927427
valid,41831,0.014514441719603524,0.019594050978389323,0.8618745151869587
