target,set_type,n_windows,mse,rmse,mae,r2
retention,train,98686,0.0001857776805991307,0.0136300286353012,0.008846770040690899,0.9223023653030396
retention,valid,41874,0.000156026057084091,0.01249103907143401,0.009109840728342533,0.9267926812171936
q_discharge,train,98686,0.00021459566778503358,0.014649084196120711,0.009488951414823532,0.9278241395950317
q_discharge,valid,41874,0.00018012513464782387,0.013421070547755267,0.009796793572604656,0.9355499744415283
