epoch,train_loss,valid_loss,is_best_epoch
1,0.2438296511536464,0.0287328171543777,1
2,0.038147169165313244,0.005948401914793067,1
3,0.03358827700139955,0.002938648402050603,1
