set_type,n_windows,mse,rmse,mae,r2
train,8192,0.002515168860554695,0.050151459206634205,0.041456833481788635,0.16783171892166138
valid,4096,0.0029386484529823065,0.054209302273524114,0.04598225653171539,-0.0711357593536377
