te_r,nde_r,nie_r,nie_share,closure_error,n_rows,n_clusters,cycle_t_min,cycle_t_max,cde_temp_plus_2p5,cde_temp_plus_5p0,treatment_min,treatment_max,treatment_q01,treatment_q99,support_plus1_share,mediator_min,mediator_max,mediator_q01,mediator_q99,treatment_sigma,weight_mean,weight_std,weight_p95,weight_p99,weight_max,weight_clip_threshold,effective_sample_size,treatment_mode,scenario,mode_order,scenario_order,treatment_mode_display
0.008334228059316166,0.008380208232082945,-4.59801727667804e-05,-0.005517028384576403,1.0638733817514012e-18,102290.0,180.0,1.0,2037.0,-0.017145865615279973,-0.040352504171545955,1.0296835890160763,5.656836776246979,1.076640597631971,5.315914340667991,0.9574934011144784,24.687358927258934,41.35555520344489,29.80482606061076,39.401336331526664,0.7252987588292072,43.830974248611085,418.502120954672,21.216139617978154,406.28161850544274,5309.427483626023,5309.427483626023,1109.8448278540557,window_mean,sensitivity_t_as_mediator,2,1,窗口真实平均充电倍率
0.008527779377710433,0.008329792246213304,0.00019798713149712908,0.02321672767644762,2.439454888092385e-19,102142.0,180.0,1.0,2037.0,-0.006526377440520173,-0.018987746944483175,1.0296835890160763,5.656836776246979,1.0771607456318923,5.277870776315608,0.9579702766736504,24.687358927258934,41.35555520344489,29.803553951344846,39.402556781464874,0.7226148262442736,43.5549262087527,423.85359709154636,21.17172509972034,381.85953535836376,5480.498914156798,5480.498914156798,1067.2970081061192,window_mean,sensitivity_temp_5_60,2,2,窗口真实平均充电倍率
