rate_bin,rate_bin_label,n_rows,n_clusters,row_share
rate_bin_a_q1,<1.8C,7911.0,152.0,0.07745099958880775
rate_bin_a_q2,1.8-2.6C,43868.0,172.0,0.4294805271093184
rate_bin_a_q3,2.6-3.5C,36111.0,172.0,0.3535372324802726
rate_bin_a_q4,>=3.5C,14252.0,167.0,0.1395312408216013
