epoch,train_loss,valid_loss,is_best_epoch
1,0.6768022328615189,0.5973552763462067,1
