set_type,n_windows,mse,rmse,mae,r2
train,512,0.5970492362976074,0.7726896118737506,0.7712436318397522,-250.7157745361328
valid,256,0.5973553657531738,0.772887679907743,0.7711832523345947,-212.05960083007812
