rate_bin,rate_bin_label,rate_lower_c,rate_upper_c,te_r,te_r_ci_low,te_r_ci_high,nie_share,n_rows,n_clusters,risk_level,evidence_tier,recommended_action,recommended_c_rate_upper
rate_bin_a_q1,<1.8C,0.0,1.8,0.0015396045946413,-0.0024486748454608,0.0056466624775997,0.0133836820671855,7907.0,152.0,低,C,可维持现状,3.5
rate_bin_a_q2,1.8-2.6C,1.8,2.6,0.0052076033254117,0.0025583890486157,0.0077581234263648,0.030333311018647,43866.0,172.0,中低,B,可小幅优化并保留监测,3.5
rate_bin_a_q3,2.6-3.5C,2.6,3.5,0.0083550713773924,0.0058928166891812,0.010583159034689,0.0358024542524735,36111.0,172.0,中,B,保守控制并持续监测,3.5
rate_bin_a_q4,>=3.5C,3.5,inf,0.018695526798615,0.0127852108817163,0.0245722032729106,0.0251792658895161,14251.0,167.0,高,B,收紧倍率上限并降低该段暴露,3.5
