model_name,source_type,fit_seconds,train_mae,train_rmse,train_r2,valid_mae,valid_rmse,valid_r2
xgboost,existing_result,,0.0050282950134164,0.0073504031532939,0.98172297498457,0.0135800121697552,0.0184358088456999,0.8777216018043619
random_forest,existing_result,,0.0049470017123282,0.0083547993894623,0.9763867785927428,0.0145144417196035,0.0195940509783893,0.8618745151869587
extra_trees,fresh_train,26.30414319038391,0.005195164475130828,0.008551567536301076,0.97526142688981,0.016085876965727625,0.021616721108660815,0.8318855720767301
decision_tree,fresh_train,3.1790289878845215,0.008046470790713056,0.01255081452740226,0.9467122957777592,0.016299934302517145,0.022589749926003922,0.8164103497306308
elastic_net,fresh_train,9.477236986160278,0.02045883544263864,0.027683023496563347,0.7407550953451848,0.031455597228266206,1.2303652761256072,-543.6198669197966
linear_regression,fresh_train,0.624009370803833,0.020402908817562692,0.02762433847568573,0.7418530727279722,0.03178434553078952,1.2672953378139364,-576.8046365155847
ridge_alpha_1,fresh_train,0.6093409061431885,0.02044444846347622,0.02766479552018279,0.7410963842391338,0.03326725356750287,1.4798316047872357,-786.8616200836403
